domain,count
slashdot.org,2966
cnn.com,1114
python.org,1031
ecostemail.com,735
internet.com,696
postini.com,652
techtarget.com,489
google.com,477
sciencemag.org,433
apache.org,405
amazon.com,295
e2ma.net,292
chtah.com,292
buy.com,290
infoworld.com,282
redhat.com,263
gnc.com,259
livefilestore.com,250
heartlandamerica.com,232
linux-mag.com,218
sourceforge.net,204
joost.com,178
standmill.com,173
leadmake.com,171
makecase.com,160
technologyreview.com,148
perl.org,142
apple.com,140
nabble.com,131
narod.ru,125
smithsonian.com,124
blogspot.com,120
sciencedaily.com,116
webbyaward.org,115
tinyurl.com,107
wikipedia.org,104
rm04.net,94
prosperityanger.com,94
nytimes.com,91
accelacomm.com,89
opensuse.org,88
emreact.com,86
novell.com,86
yahoo.com,83
arstechnica.com,79
eddiebauer.com,76
motivationball.com,75
ncrpmreports.com,75
wired.com,72
waikato.ac.nz,71
bordersstores.com,70
artima.com,69
bbc.co.uk,66
orvis.com,65
sharperimage.com,65
discoverymail.com,63
stubhub-mail.com,63
pushyet.com,63
microsoft.com,63
moveon.org,61
fedoraproject.org,60
youtube.com,59
bluehornet.com,57
harryanddavid.com,56
acm.org,55
overstock.com,51
bornforgiveness.com,50
spamassassin.org,50
vmware.com,50
winforgiveness.com,49
pownce.com,47
hp.com,46
delivery.net,46
networkworld.com,45
bu.edu,45
cleartradition.com,45
grants.gov,44
footsmart.com,44
gardeners.com,42
setnation.com,41
telelogic.com,41
activestate.com,41
parkseednews.com,41
news.com,41
b3ta.com,41
sy10.net,40
ema10.net,39
linuxjournal.com,38
commondreams.org,37
ga1.org,36
massey.ac.nz,36
howstuffworks.com,35
uws.edu.au,35
computerworld.com,34
mpg.de,34
shopirish.com,34
constantcontact.com,34
dictionarybrown.com,32
uic.edu,32
cpan.org,32
sun.com,31
postfix.org,31
stanford.edu,30
eachunder.com,29
newscientist.com,29
rs6.net,29
bea.com,28
cprpt.com,28
ieee.org,28
nasa.gov,27
twbidyahoo.com,26
badtomatoes.org,26
happinessjoy.com,26
theregister.co.uk,26
iisd.ca,26
dell.com,26
tuxonice.net,25
irs.gov,25
ietf.org,24
wordpress.com,24
snipurl.com,24
proflowers.com,24
edri.org,24
doubleclick.net,24
linuxquestions.org,24
groklaw.net,24
shallstraight.com,23
evenharmony.com,22
popularmechanics.com,22
wissotatrader.com,22
msn.com,21
LettercardAdvertising.com,20
vodaforento.com,20
uci.edu,20
mit.edu,20
chefscatalog.com,20
AudioPostcardMail.com,20
ucl.ac.uk,20
flickr.com,20
sephora.com,20
berkeley.edu,20
aaai.org,20
zdnet.com,20
SuperGreetingcard.com,19
1105pubs.com,19
perlmonks.org,19
loc.gov,19
washingtonpost.com,19
oreilly.com,19
twitter.com,19
healthtruthrevealed.com,19
WorldPostcardArt.com,18
pcmeded.com,18
about.com,18
ualberta.ca,18
wwwmedbeds.com,18
shophometrends.com,18
carrot2.org,18
OldPostcardShop.com,18
baseballhalloffame.org,17
hothardware.com,17
medicalcoeds.com,17
organicconsumers.org,17
discworldmonthly.co.uk,17
FreePostcardOnline.com,17
YourLettercard.com,17
itnews.com.au,17
autosportcatalog.com,17
easychair.org,17
guardian.co.uk,17
computerworld.com.au,17
medmalworld.com,17
cnet.com,17
elabs5.com,16
europa.eu,16
triptracker.net,16
livejournal.com,16
oreillynet.com,16
jacksonandperkins.com,16
washington.edu,16
myspace.com,16
unibo.it,16
promote-busines.com,16
similarslave.com,16
live.com,16
thewirelesscatalog.com,16
icio.us,15
thecareernews.com,15
SearchNetworking.com,15
thestandard.com,15
lef.org,15
reuters.com,15
doi.org,15
shareit.com,15
feedblitz.com,15
cmu.edu,14
magellans.com,14
SearchStorage.com,14
gmane.org,14
allmydata.org,14
iwantsandy.com,14
twistedmatrix.com,14
mededsynergy.com,14
ibm.com,14
adobe.com,14
uva.nl,13
emaildirect.com,13
tty.nl,13
liv.ac.uk,13
ubuntu.com,13
nips.cc,13
waysidegardensnews.com,13
aol.com,13
channel4.com,13
cybermeded.com,13
informationweek.com,13
teach12.com,13
SuperLettercard.com,13
doctorbedshop.com,13
ixs1.net,13
openoffice.org,13
wsj.com,12
uniba.it,12
googlecode.com,12
members-aaas.org,12
heremill.com,12
uwaterloo.ca,12
engadget.com,12
BestLettercard.com,12
artandartifact.com,12
upenn.edu,12
ipipan.waw.pl,12
bose.com,12
parkseed.com,12
springeronline.com,12
yahoo.net,12
wfreezesite.com,12
standfront.com,12
electricmodern.com,12
lip6.fr,12
eweek.com,12
gnu.org,12
gpstore.co.nz,12
ucc.ie,12
jcpenneyem.com,11
ikaaro.org,11
linux.com,11
belightsoft.com,11
physorg.com,11
ed.ac.uk,11
readygave.com,11
tgdaily.com,11
wikileaks.org,11
fronttill.com,11
feedburner.com,11
gizmodo.com,11
exct.net,11
SearchWinIT.com,11
arxiv.org,11
primidi.com,11
debian.org,11
sys-con.com,11
eetimes.com,11
arxivblog.com,11
anu.edu.au,10
buildbot.net,10
itworld.com,10
rpi.edu,10
naturemay.com,10
hkbu.edu.hk,10
projecthoneypot.org,10
cmptechnetwork.com,10
avanquest.com,10
etwright.com,10
bamason.com,10
DigitalAudioPostcard.com,10
animoto.com,10
eff.org,10
nwsource.com,10
pcper.com,10
largeclose.com,10
hr-xml.org,10
wallenough.com,10
umd.edu,10
sdmediagroup.com,10
exacttarget.com,10
latimes.com,10
cam.ac.uk,10
springer.com,10
demokritos.gr,10
01o.com,10
runpeer.com,10
ilrweb.com,9
hiit.fi,9
google.co.uk,9
americanexpress.com,9
brightbreak.com,9
breakfear.com,9
magnatune.com,9
kent.ac.uk,9
cmail1.com,9
typepad.com,9
hut.fi,9
p2pnet.net,9
world-academy-of-science.org,9
creativecommons.org,9
quartfit.com,9
viff.dk,9
idsia.ch,9
jboss.com,9
oncologymeded.com,9
tallraise.com,9
elsevier.com,9
SearchCRM.com,9
medimpotences.com,9
cdc.gov,9
duke.edu,9
democracyinaction.org,9
kcl.ac.uk,9
cmail5.com,9
unimi.it,9
busyquotient.com,9
noticesight.com,9
bluesquirrel.com,9
uu.nl,9
utexas.edu,9
europython.org,8
helsinki.fi,8
umass.edu,8
businessweek.com,8
journyx.com,8
ubc.ca,8
intertwingly.net,8
pcworld.com,8
nott.ac.uk,8
sf.net,8
endless.com,8
basspronews.com,8
preparesimilar.com,8
lwn.net,8
loria.fr,8
ipp.pt,8
boards.ie,8
1105direct.com,8
uned.es,8
SearchExchange.com,8
startoccur.com,8
bebo.com,8
aau.dk,8
squirrelmail.org,8
techdirt.com,8
obesityhelp.com,8
clamav.net,8
intel.com,8
iuiconf.org,8
loa-cnr.it,8
iht.com,8
cmail2.com,8
cnet.co.uk,8
icontact.com,8
mkt298.com,8
independent.ie,8
uspto.gov,8
steadstay.com,8
ninechief.com,8
ethz.ch,7
springer.de,7
wingware.com,7
freedom-to-tinker.com,7
tu-clausthal.de,7
irit.fr,7
uiuc.edu,7
torrentfreak.com,7
launchpad.net,7
vse.cz,7
oregonstate.edu,7
uni.lu,7
sipta.org,7
408ez.com,7
johnkerry.com,7
SearchSecurity.com,7
pitt.edu,7
fragrancenet.com,7
paypal.com,7
eztrackz.com,7
computer.org,7
uvm.edu,7
turbogears.org,7
uma.es,7
columbia.edu,7
valessiobrito.info,7
cbc.ca,7
enthought.com,7
nyu.edu,7
ucla.edu,7
facebook.com,7
SearchOracle.com,7
weshell.com,7
canberra.edu.au,7
st-and.ac.uk,7
pcpro.co.uk,7
michaelgeist.ca,7
w3.org,7
unm.edu,7
gatech.edu,6
kde.org,6
act.org.nz,6
mq.edu.au,6
sfgate.com,6
emacswiki.org,6
ga3.org,6
ip-watch.org,6
ceas.cc,6
coffee-explorer.com,6
fraunhofer.de,6
harvard.edu,6
iana.org,6
space.com,6
theglobeandmail.com,6
reverbnation.com,6
bris.ac.uk,6
dnsstuff.com,6
timeanddate.com,6
unsw.edu.au,6
hotvary.com,6
oreillyschool.com,6
serengeticatalog.com,6
conceptdraw.com,6
biblesociety.ca,6
librarything.com,6
timgolden.me.uk,6
fedoraunity.org,6
cuni.cz,6
sciiis.org,6
uts.edu.au,6
olpcnews.com,6
stickam.com,6
webfactional.com,6
wxpython.org,6
scipy.org,6
zdnet.co.uk,6
thinkgeek.com,6
u-tokyo.ac.jp,6
heise.de,6
fedorabook.com,6
duodenalswitch.com,6
pastebin.ca,6
abdn.ac.uk,6
tigris.org,6
linkedin.com,6
codespeak.net,6
eloqua.com,6
listbox.com,5
googlepages.com,5
unito.it,5
usatoday.com,5
callfig.com,5
lanl.gov,5
operateneck.com,5
extremetech.com,5
esa.int,5
concordia.ca,5
oooninja.com,5
qmul.ac.uk,5
opennms.org,5
multichannel.com,5
pytables.org,5
irgalometric.com,5
gwdg.de,5
movieshack.co.nz,5
inrialpes.fr,5
sickipedia.org,5
up.pt,5
siam.org,5
princeton.edu,5
unb.ca,5
jobs.ac.uk,5
python.net,5
xfmdublin.com,5
gizmojo.org,5
taint.org,5
spamhaus.org,5
tue.nl,5
mipassoc.org,5
forcefound.com,5
linux.ie,5
usenix.org,5
uaic.ro,5
mail-archive.com,5
r-project.org,5
llnwd.net,5
idg.com.au,5
icml2006.org,5
py2exe.org,5
skype.com,5
kobemail.com,5
ox.ac.uk,5
sciencedirect.com,5
theonion.com,5
codeplex.com,5
un.org,5
nmsu.edu,5
democrats.org,5
ecsqaru.org,5
abc.net.au,5
smh.com.au,5
popsci.com,5
vortex.com,5
utoronto.ca,5
SearchSAP.com,5
tuc.gr,5
ccc.de,5
ddj.com,5
SearchMobileComputing.com,5
softconf.com,5
usa.gov,5
1sweethost.com,5
ringtonefeeder.com,5
career-digest.com,5
bazaar-vcs.org,5
cafepress.com,5
secretspoon.com,5
ehu.es,5
pocoo.org,5
softwarefreedom.org,5
livescience.com,5
pbwiki.com,5
salon.com,4
uni-dortmund.de,4
charter.net,4
wi-consortium.org,4
darkreading.com,4
digital-copyright.ca,4
alumniconnections.com,4
kernel.org,4
f-secure.com,4
baselinemag.com,4
softcomputing.es,4
cio.com,4
gmx.net,4
gizmo5.com,4
ru.nl,4
newyorker.com,4
tippingpoint.com,4
opensolaris.org,4
egenix.com,4
easy-share.com,4
digitalpreservation.gov,4
news.com.au,4
byu.edu,4
law.com,4
buid.ac.ae,4
unomaha.edu,4
worldscinet.com,4
pm.org,4
confmaster.net,4
planelift.com,4
bitpipe.com,4
amazon.co.uk,4
dalkescientific.com,4
unicaen.fr,4
uni-karlsruhe.de,4
godaddy.com,4
techarp.com,4
wetpaint.com,4
sjsu.edu,4
lri.fr,4
web.de,4
cambridge.org,4
pcp.ch,4
cnc.bc.ca,4
cbsnews.com,4
hcl-club.lu,4
ugr.es,4
time.com,4
utwente.nl,4
dinnermint.org,4
hutter1.net,4
python-academy.com,4
tesco.com,4
ijs.si,4
isgec.org,4
crn.com,4
pascal-network.org,4
jair.org,4
windowslive.com,4
providecommerce.com,4
jobsbl.com,4
ProFlowers.com,4
xprize.org,4
samt2006.org,4
java.net,4
cmail4.com,4
mkt767.com,4
academicsuperstore.com,4
accessmed-msf.org,4
nicta.com.au,4
gla.ac.uk,4
bloomberg.com,4
fedorapeople.org,4
iiassvietri.it,4
msdn.com,4
rochesterclothing.com,4
casualmale.com,4
indiatimes.com,4
passport.net,4
unicen.edu.ar,4
divmod.org,4
ucsc.edu,4
ucsd.edu,4
pyamf.org,4
uniud.it,4
gnome.org,4
essentialaction.org,4
spikemail.co.nz,4
fidelity.com,4
cheetahmail.com,4
technion.ac.il,4
nii.ac.jp,4
rutgers.edu,4
umn.edu,4
york.ac.uk,4
timesonline.co.uk,4
govdelivery.com,4
eitherindependence.com,4
upatras.gr,4
mlss.cc,4
0catch.com,4
012webpages.com,4
out-law.com,4
ubuntuforums.org,4
monash.edu.au,4
eurekalert.org,4
pycon.org,4
sinica.edu.tw,4
laptop.org,4
unich.it,4
internetnews.com,4
wipo.int,4
swan.ac.uk,4
amd.com,4
independent.co.uk,4
umich.edu,4
marketwatch.com,4
slate.com,4
xconomy.com,4
rte.ie,4
buffalo.edu,4
inra.fr,4
killerstartups.com,4
opera.com,4
canterbury.ac.nz,4
digitalriver.com,4
kylebrowning.com,3
rhyolite.com,3
conrad.com,3
wroc.pl,3
boston.com,3
iccs-meeting.org,3
openprinting.org,3
adverticum.net,3
swin.edu.au,3
10zenmonkeys.com,3
unc.edu,3
umb.edu,3
eclipse.org,3
surbl.org,3
ul.ie,3
publicknowledge.org,3
cwi.nl,3
pair.com,3
seatperiod.com,3
uni-oldenburg.de,3
edge.org,3
cnr.it,3
chronicle.com,3
edas.info,3
vresp.com,3
hybridsystem.com,3
icann.org,3
uwindsor.ca,3
jku.at,3
ieee-cis.org,3
chandlerproject.org,3
planetplanet.org,3
wcci2008.org,3
fsf.org,3
sabren.com,3
appleinsider.com,3
unizar.es,3
bio-complexity.com,3
kyoto-u.ac.jp,3
macworld.com,3
uni-magdeburg.de,3
selenic.com,3
itc.it,3
codeproject.com,3
bloodgate.com,3
boun.edu.tr,3
brown.edu,3
telegraph.co.uk,3
00freehost.com,3
af.mil,3
no-ip.com,3
cuny.edu,3
insidehighered.com,3
eclipsecon.org,3
jobmarketweekly.com,3
jobseekerweekly.com,3
topearners.net,3
sciencenews.org,3
isi.edu,3
iupui.edu,3
wowinsider.com,3
nus.edu.sg,3
parkseed01.com,3
sans.org,3
xent.com,3
aclu.org,3
vu.nl,3
essex.ac.uk,3
3ware.com,3
ulaval.ca,3
ics.ie,3
ic.ac.uk,3
chelseaham.net,3
roguegenecollective.com,3
utl.pt,3
dobbscodetalk.com,3
rubyforge.org,3
sajaforum.org,3
indiana.edu,3
rr.com,3
cherrymoonfarms.com,3
ttu.edu,3
verio.com,3
pipeinternational.com,3
currentpeace.net,3
linux-foundation.org,3
virtualbox.org,3
bvcan.com.cn,3
boardsmag.com,3
biblenetworknews.com,3
tidbits.com,3
gate.ac.uk,3
uni-potsdam.de,3
toaij.org,3
jbossworld.com,3
sotech.com,3
lse.ac.uk,3
ucd.ie,3
beskerming.com,3
webbyawards.com,3
npr.org,3
ibiblio.org,3
gossamer-threads.com,3
wrinklesaround.net,3
cisco.com,3
linuxdevices.com,3
iet.com,3
muni.cz,3
alleyinsider.com,3
python.de,3
babies.co.nz,3
hexten.net,3
ematia.de,3
bonifazi.eu,3
die.net,3
sqlobject.org,3
lspace.org,3
nextgov.com,3
vanfeliu.com,3
reghardware.co.uk,3
vub.ac.be,3
pghpw.org,3
pjsmprints.com,3
uniparthenope.it,3
usc.edu,3
icaps-conference.org,3
sakaiproject.org,3
asus.com,3
plover.com,3
unl.pt,3
serengeticatalog.net,3
votetrustusa.org,3
snapfish.com,3
maebashi-it.org,3
wzalter.com.cn,3
redsymbol.net,3
biu.ac.il,3
stdlib.net,3
ustream.tv,3
pcmag.com,3
realgroovy.co.nz,3
thebestpageintheuniverse.net,3
idgtechguides.com,3
epistasis.org,3
utc.fr,3
jcea.es,3
spiegel.de,3
umontreal.ca,3
unitn.it,3
innoscript.org,3
unipv.it,3
idgconnect.com,3
brandeis.edu,3
hw.ac.uk,3
digg.com,3
polishlinux.org,3
01net.com,3
csmd.edu,3
dfes.gov.uk,3
unige.ch,3
smartmailpro.co.nz,3
hgpy.de,3
yorku.ca,3
amazonwebservices.com,3
johnlevine.com,3
osdc.com.au,3
le.ac.uk,3
rose-hulman.edu,3
freebsd.org,3
geek.com,3
mmm-experts.com,3
andialbrecht.de,3
suse.de,3
vrmag.org,3
mdai.cat,3
preference1105pubs.com,3
appspot.com,3
fulbright.org.nz,3
autonomic-conference.org,3
coordination2005.org,3
in-nomine.org,3
campaignmccain.net,3
uio.no,3
surveymonkey.com,3
investorplace.com,3
mlb.com,3
auai.org,3
huffingtonpost.com,3
ailab.si,3
publicaster.com,3
wisc.edu,3
firstport.ie,2
wwc.edu,2
visible-results.com.au,2
romancortes.com,2
northwestern.edu,2
satellite.ac.nz,2
uiowa.edu,2
bit-tech.net,2
stevens-tech.edu,2
sacbee.com,2
nic.rs,2
aquadeks.com,2
techradar.com,2
ccert.edu.cn,2
acmqueue.com,2
gracehopper.org,2
on32.com,2
date-conference.com,2
ejohn.org,2
websiteoptimization.com,2
bizrate.com,2
openspf.org,2
kfki.hu,2
adph.org,2
bccn-berlin.de,2
tu-berlin.de,2
googlegroups.com,2
zapthink.com,2
oru.se,2
jtauber.com,2
photoworks.com,2
essential.org,2
whoisireland.com,2
parrotcode.org,2
opensuse-community.org,2
fundp.ac.be,2
tandf.co.uk,2
itwire.com,2
tu-dresden.de,2
pfir.org,2
butrain.com,2
i-know.at,2
gu.edu.au,2
pricearch.com,2
cdt.org,2
anamazingmind.com,2
uoguelph.ca,2
ybarthelemy.info,2
planetpython.org,2
awaretek.com,2
pythonware.com,2
freehostia.com,2
urjc.es,2
example.com,2
ugent.be,2
umbc.edu,2
UGent.be,2
unipmn.it,2
tbray.org,2
dauphine.fr,2
agentlink.org,2
hexus.net,2
zone-h.org,2
ethicalhacker.net,2
codeweavers.com,2
puc-rio.br,2
onresolve.com,2
freeshipping.com,2
covertheuninsured.org,2
dfki.de,2
comparity.net,2
nedbatchelder.com,2
jeremymartin.name,2
tomshardware.com,2
canada.com,2
sxsw.com,2
winzip.com,2
plone.org,2
fedoraforum.org,2
digitalhome.ca,2
neosmart.net,2
heise-online.co.uk,2
wesleyan.edu,2
evonet.info,2
earthlink.net,2
geocities.com,2
kn-bremen.de,2
upv.es,2
madwifi.org,2
powncetastic.com,2
cosmicvariance.com,2
stearns.org,2
lmu.de,2
unisannio.it,2
kralpeal.com,2
womenloves.net,2
cas.cz,2
troitsk.ru,2
ecmlpkdd2006.org,2
insa-rouen.fr,2
bblfish.net,2
redorbit.com,2
freenode.net,2
memphis.edu,2
rollingstone.com,2
dslreports.com,2
syr.edu,2
senat.fr,2
boid.info,2
sumo.co.nz,2
burgerfuel.com,2
bmtox.com.cn,2
scorefifty.com,2
subscribenw.com,2
ap.org,2
ugcprinciples.com,2
interlex.it,2
topsecretblogger.com,2
uni-duisburg.de,2
discovery.com,2
wikileaks.be,2
websense.com,2
SearchDomino.com,2
deviceguru.com,2
ieee-security.org,2
fsfe.org,2
compsoc.com,2
partneringsummit.org,2
taniquetil.com.ar,2
pentaho.org,2
wordsmith.org,2
alzheimers-research.org.uk,2
wikispaces.com,2
web56.net,2
xtu.edu.cn,2
kluweronline.com,2
ukuug.org,2
liliputing.com,2
bell-labs.com,2
zentara.net,2
xfce.org,2
luc.ac.be,2
joethepeacock.com,2
coffee.net,2
sciam.com,2
bgnews.com,2
btthat.com.cn,2
dorsethouse.com,2
nih.gov,2
dit.ie,2
wattystuff.net,2
nagoya-u.ac.jp,2
discworldemporium.com,2
mozilla.com,2
macnn.com,2
nymag.com,2
fameideal.com,2
theopensourcerer.com,2
azcentral.com,2
practical-tech.com,2
cvut.cz,2
csoonline.com,2
uanews.org,2
uec.ac.jp,2
internetnow.com.my,2
valeriefuchs.com,2
bookmooch.com,2
daywait.com,2
folli.org,2
aeforge.com,2
epic.org,2
economist.com,2
jessen.ch,2
uni-bielefeld.de,2
digifreedom.net,2
stuartbishop.net,2
uni-linz.ac.at,2
zeropaid.com,2
tangomu.com,2
laptopgiving.org,2
xefer.com,2
manuscriptcentral.com,2
perl.com,2
qut.edu.au,2
thelocal.se,2
minervamail.com,2
assembla.com,2
gamecareerguide.com,2
opendemocracy.net,2
thepencilfarm.com,2
salesgenie-news.com,2
protocolostomy.com,2
phparch.com,2
fda.gov,2
roboticsconference.org,2
xs4all.nl,2
nationalpriorities.org,2
gdut.edu.cn,2
liblime.com,2
warwick.ac.uk,2
waitwin.com,2
photospin.com,2
proofpoint.com,2
PrinterPropertiesPro.com,2
metacafe.com,2
mcom.com,2
uribl.com,2
uni-saarland.de,2
portoturismo.pt,2
imperial.ac.uk,2
pythonmagazine.com,2
learningtheory.org,2
mydomain.com,2
phdcomics.com,2
intevation.org,2
ic3.gov,2
att.com,2
ufl.edu,2
exim.org,2
spaceabout.com,2
springerlink.com,2
dartmouth.edu,2
vanderbilt.edu,2
uclm.es,2
norcrossgroup.com,2
3111skyline.com,2
woiueu.com,2
edmgr.com,2
lightbird.net,2
atdmt.com,2
discovermagazine.com,2
coova.org,2
vodafone.co.nz,2
thesmokinggun.com,2
nuclearrisk.org,2
internetevolution.com,2
daemonology.net,2
ubi.pt,2
fxsound.com,2
macobserver.com,2
thedailyshow.com,2
rulesemporium.com,2
planetidentity.org,2
1105media.com,2
cuengineering.com,2
rhul.ac.uk,2
deviantart.com,2
nodaddy.com,2
gamecouch.com,2
tieguy.org,2
dantynan.com,2
dionysius.com,2
badastronomy.com,2
howardforums.com,2
fmcad.org,2
shareholder.com,2
power-analysis.com,2
rochester.edu,2
riao.org,2
cassimatis.com,2
autodesk.com,2
ne16.com,2
broadwayoffers.com,2
psu.edu,2
foxnews.com,2
verticalresponse.com,2
expansys.ie,2
sketchup.com,2
tuwien.ac.at,2
ncl.ac.uk,2
sri.com,2
baltimoresun.com,2
icdl07.org,2
jsoftware.com,2
techreport.com,2
aselabs.com,2
via.com.tw,2
securityfocus.com,2
rubemachine.com,2
southernvaleslug.org,2
free.fr,2
cnettv.com,2
gamasutra.com,2
modernmechanix.com,2
universetoday.com,2
astrology.com,2
biomap.org,2
eumas.org,2
spambayes.org,2
opensolutions.ie,2
alsodone.com,2
komotv.com,2
symantec.com,2
astroshapes.com,2
uerj.br,2
grango.org,2
ipjustice.org,2
statewatch.org,2
infocybereng.org,2
thomashawk.com,2
cornell.edu,2
waitfifty.com,2
ist.lu,2
fluendo.com,2
eetonline.com,2
9news.com,2
theengineer.co.uk,2
technet.com,2
tti-c.org,2
neurodiversity.com,2
boi-bol.com,2
vanityfair.com,2
datacenterknowledge.com,2
topcoder.com,2
ine-web.org,2
businesswire.com,2
vrplumber.com,2
open-whois.org,2
itesm.mx,2
uni-bonn.de,2
acidtests.org,2
misrarecords.com,2
blacknight.com,2
-aol.com,2
Care2.com,2
celebritypwn.com,2
edublogs.org,2
python.ie,2
wizards.com,2
aamas2005.nl,2
louisiana.edu,2
tillers.net,2
epfl.ch,2
realvnc.com,2
satlive.org,2
satisfiability.org,2
hpcwire.com,2
ufrgs.br,2
mozilla.org,2
dostech.ca,2
waxy.org,2
earthweb.com,2
techforce.com.br,2
wijvertrouwenstemcomputersniet.nl,2
trustedreviews.com,2
conversationmarketing.com,2
bas.bg,2
rfk.id.au,2
corriere.it,2
apcmag.com,2
consumerist.com,2
sixxs.net,2
delos.info,2
bigbrotherawards.de,2
dhs.gov,2
splatnix.net,2
dodin.net,2
kionux.com.br,2
lt4el.eu,2
ruc.dk,2
laptopsdirect.ie,2
goldwatches.com,2
gamesetwatch.com,2
euractiv.com,2
dsk.gv.at,2
ustc.edu.cn,2
blacknight.eu,2
breakingnews.ie,2
techdebug.com,2
whatwg.org,2
sina.com.cn,2
feedparser.org,2
memojo.com,2
gcn.com,2
dutchnews.nl,2
compiz-fusion.org,2
gozerbot.org,2
archive.org,2
2y.net,2
orlandosentinel.com,2
theage.com.au,2
univ-nantes.fr,2
crpit.com,2
ust.hk,2
interfax.com,2
infoadvocate.org,2
uc3m.es,2
superbhosting.net,2
no-ip.org,2
test-smoke.org,2
develooper.com,2
portalprogramas.com,2
abajournal.com,2
hamilton.ie,2
python-academy.de,2
unl.edu,2
alipr.com,2
habeas.com,2
boingboing.net,2
defenselink.mil,2
gism.net,2
informit.com,2
postgresql.org,2
mkgnu.net,2
bbvforums.org,2
element5.com,2
semanticdesktop.org,2
click-url.com,2
amia.org,2
inria.fr,2
dansdata.com,2
prostate-cancer.org,2
swreg.org,2
boost-consulting.com,2
usefulinc.com,2
xmlns.com,2
med08.org,2
danielwinkler.ch,2
grandcentral.com,2
ijsunn.com,2
gnewsense.org,2
profilomypacecomindexcfmfuseactionuser.com,2
pidgin.im,2
developpez.com,2
brighamandwomens.org,2
dearbest.com,2
readwriteweb.com,2
schneier.com,2
definitioneven.com,2
arin.net,2
house.gov,2
nuigalway.ie,2
consortiuminfo.org,2
togaware.com,2
ewerl.com,2
csmonitor.com,2
comcast.net,2
portfolio.com,2
povertone.com,2
brightmade.com,1
michatauber.com,1
whitedone.com,1
freshplateworks.com,1
oemmerchant.com,1
pacelike.com,1
ieinternet.com,1
dicianno.org,1
xyzzyxyzzy.net,1
bio-tech-pharm.com,1
national-lottery.co.uk,1
zicland.info,1
IrishDev.com,1
cbguil.cn,1
nadolny.info,1
techsay.com,1
milddear.com,1
brightdone.com,1
ramsaybooks.com,1
dearbright.com,1
shinemade.com,1
somateco.com.br,1
rickvanderzwet.nl,1
bt.com,1
jamesallen.com.br,1
icdl08.org,1
nejug.org,1
kcjava.org,1
jbug-munich.org,1
irian.at,1
magnetmail.net,1
tweaktown.com,1
nextbigfuture.com,1
superbrose.co.uk,1
ted.com,1
overclock3d.net,1
friendster.com,1
gmanews.tv,1
arrowbay.net,1
aois.org,1
the-tape.com,1
firstmondaypodcast.org,1
whetheringenuity.com,1
sp.am,1
limbio-paris13.org,1
plumbingworld.co.nz,1
woobling.org,1
jfjeasypro.com,1
digitalinnovations.com,1
destinyland.org,1
bostonherald.com,1
monkey.org,1
defcon.org,1
digitalmediaacademy.org,1
nabshow.com,1
macitbootcamp.com,1
mactektraining.com,1
rubyonrails.com,1
esss.com.br,1
fabioz.com,1
rmit.edu.au,1
machinesthatgobing.com,1
msi.com.tw,1
aclweb.org,1
nzunicareerhub.ac.nz,1
treasury.govt.nz,1
carabos.com,1
hdfgroup.org,1
easystreet.com,1
iqpcevents.com,1
bellinghamdotnet.org,1
ingenuitysuit.com,1
brepettis.com,1
pecha-kucha.org,1
barcamp.org,1
geartest.com,1
verifiedidpass.com,1
cbs5.com,1
flyclear.com,1
twinset-fashion.nl,1
traditionhuge.com,1
tonereflection.com,1
ebaumsworld.com,1
kingston.ac.uk,1
arc.net.my,1
latrobe.edu.au,1
computational-logic.org,1
iandavis.com,1
talis.com,1
programmation-python.org,1
univie.ac.at,1
oefai.at,1
clipclip.org,1
eun.org,1
edubuzz.org,1
3delavnica.com,1
ncf.ca,1
ijcai-05.org,1
ilog.fr,1
yasskin.info,1
kdnet.org,1
cosmosmagazine.com,1
freeyabb.com,1
storm.net.nz,1
cdlib.org,1
hughpickens.com,1
cittio.com,1
sec.gov,1
thislife.org,1
wa5znu.org,1
arandirect.com,1
spivaka.cn,1
redcross.org,1
jewelerslounge.com,1
govt.ac.nz,1
speeddivide.com,1
swingtimepdx.com,1
argo.es,1
afternoonrecords.com,1
vnunet.com,1
punto-informatico.it,1
parlinkom.gv.at,1
argedaten.at,1
goldhas.com,1
ath.cx,1
boxbe.com,1
baumgart.org,1
rfi.net,1
nektra.com,1
unwatched.org,1
metamorphosis.org.mk,1
nano.org.uk,1
qualipso.org,1
cgi.br,1
intgovforum.org,1
igloo.org,1
openfest.org,1
bigbrotherawards.at,1
hbxt.de,1
datenschutzverein.de,1
gouv.qc.ca,1
thepublicvoice.org,1
privacyconference2007.gc.ca,1
i5invest.com,1
precisonpec.com,1
ofchance.com,1
freeplateworks.com,1
rksystems.com,1
ironpython.com,1
paizo.com,1
linuxtv.org,1
umuai.org,1
jython.org,1
eurobot.org,1
eurobot-deutschland.de,1
bbbike.de,1
idamap.org,1
joelonsoftware.com,1
usmc-mccs.org,1
resourceindex.com,1
brightround.com,1
natldiag.com,1
cetis.ac.uk,1
lingway.com,1
mccullagh.org,1
politechbot.com,1
thefire.org,1
ncku.edu.tw,1
oupjournals.org,1
pobox.com,1
perldebugged.com,1
perlmedic.com,1
cosplayers.net,1
stjude.org,1
equestsolutions.com,1
torrentspy.com,1
webcitation.org,1
kongisking.net,1
uc.pt,1
ulster.ac.uk,1
irishbornchinese.com,1
datavibe.net,1
srtsolutions.com,1
somethingaboutorange.com,1
sitescout.net,1
alex-ionescu.com,1
catholicnewsagency.com,1
nin.com,1
sqlalchemy.org,1
dada.net,1
rug.ac.be,1
palamida.com,1
latinocongreso.org,1
bickleywest.com,1
revuesonline.com,1
badetall.com,1
dormegove.com,1
schmitt-fotodesign.de,1
avg.com,1
opticastock.com,1
codingforums.com,1
ozoneasylum.com,1
drunkenfist.com,1
kerneltrap.org,1
appscout.com,1
gearlog.com,1
atlassian.com,1
leeds.ac.uk,1
eonline.com,1
fanehenderson.com,1
scjag.com,1
coastnetwork.com,1
theinquirer.net,1
openip.co.uk,1
aip.org,1
endsoftpatents.org,1
usfca.edu,1
esf.org,1
adfa.edu.au,1
harboursport.co.nz,1
hawkins.id.au,1
eif.co.uk,1
stupidfilter.org,1
netaffinity.com,1
campbegan.com,1
kesinternational.org,1
documentfreedom.org,1
thebehrens.net,1
blogs.com,1
thoseopposite.com,1
henlich.de,1
happysheep.co.nz,1
ceur-ws.org,1
context-05.org,1
mysociety.com,1
adreyer.com,1
netgear.co.uk,1
andymac.org,1
asu.edu,1
lowtechmagazine.com,1
blogpuzzles.net,1
pathigh.com,1
describesummer.com,1
conferencereview.com,1
couragesister.com,1
frontmake.com,1
thecalifornian.com,1
deligoo.com,1
hermes.si,1
vlad1.com,1
ucf.edu,1
ntlf.com,1
utbox.net,1
bham.ac.uk,1
digitalrise.biz,1
independent.com.mt,1
expresscomputeronline.com,1
on24.com,1
oppositefall.com,1
academicladder.com,1
aselement.com,1
ethost-woden.net,1
hererise.com,1
hkdnr.net.hk,1
bestregistrar.com,1
freeapp.net,1
eventful-edinburgh.com,1
nycaviation.com,1
davidbarber.org,1
crtc.gc.ca,1
ameritech.net,1
compassionsheet.com,1
senter.nl,1
siks.nl,1
nwo.nl,1
joyeur.com,1
onreact.com,1
systemexit.de,1
openkomodo.com,1
playboygaming.com,1
antsight.com,1
sysmod.com,1
tor.com,1
freeallweb.org,1
lifehacker.com.au,1
oasis-open.org,1
timesofmalta.com,1
greenstreetcafe.net,1
mattjensen.com,1
coresecurity.com,1
urbanstrata.com,1
thestar.com,1
fronthigh.com,1
sketch-shop.com,1
alaste.com,1
go-2-school.com,1
aidanchopra.com,1
f1help.biz,1
easy-hub.org,1
l3s.de,1
dur.ac.uk,1
doughellmann.com,1
aec.at,1
ilinet.org,1
settlelevel.com,1
ranhorse.com,1
pythonlabs.com,1
ohiou.edu,1
topkara.org,1
crackmice.com,1
responsibilityport.com,1
usask.ca,1
patmake.com,1
chicagotribune.com,1
joshfink.net,1
thehill.com,1
bind9.net,1
irtf.org,1
ualg.pt,1
acivs.org,1
unh.edu,1
ninosport.com,1
alistapart.com,1
ad-hoc-news.de,1
.website,1
interglacial.com,1
techworld.com,1
Krynicky.cz,1
gentoo-wiki.com,1
mainewebreport.com,1
msn.com.br,1
rikjoh.com,1
gizmoproject.com,1
tjeerd.net,1
tsuneishi.co.jp,1
sc.edu,1
huji.ac.il,1
lycos.com,1
azotedropsdeep.com,1
ferryhalim.com,1
gijonny.co.uk,1
youporn.com,1
com-pa-ny.com,1
lolcatbible.com,1
wfmu.org,1
silentwulf.com,1
planethiltron.com,1
plus.net,1
mrpotatomash.com,1
shutterstock.com,1
netsuite.com,1
sdjug.com,1
trijug.org,1
lunatech-research.com,1
javarsovia.pl,1
bsg.co.uk,1
rhq-project.org,1
jboss.org,1
hinner.info,1
nzi3.com,1
aepia.org,1
queysretpast.com,1
lexicon.net,1
orchesys.com,1
k-projects.com,1
geneontology.org,1
avanti-tech.com,1
makestand.com,1
lifedaygambling.net,1
heatsink-guide.com,1
mt-rushphase.info,1
rg16.at,1
archtake.com,1
csubak.edu,1
.download,1
piclens.com,1
beijing2008.cn,1
nationalreview.com,1
japantimes.co.jp,1
soumu.go.jp,1
brightdoc.com,1
wikidot.com,1
ociweb.com,1
draifretin.com,1
UNLV.EDU,1
iccima.org,1
unical.it,1
mainlaid.com,1
parentscentre.org.nz,1
lookresolution.com,1
die-offenbachs.de,1
provejobrun.com,1
tg4.ie,1
rhifilms.com,1
sky.com,1
maddingue.org,1
noaa.gov,1
perlig.de,1
or.cz,1
french-law.net,1
scientificblogging.com,1
anomalousanomaly.com,1
spec.org,1
phoronix.com,1
optimismplay.com,1
landisgyr.ch,1
fundaciouab.com,1
h-net.org,1
tg4.tv,1
brainadzown.com,1
undeeruncis.com,1
lyingsopnag.com,1
mybonuz2400.com,1
dssurgery.com,1
yessash.com,1
militaryreligiousfreedom.org,1
dailykos.com,1
knm.org.pl,1
kalvermino.com,1
harvestmanontheweb.com,1
mindhacks.com,1
swerdna.net.au,1
jstatsoft.org,1
zmanda.com,1
appia.pt,1
ufscar.br,1
mobrulestudios.com,1
madpenguin.org,1
wtvq.com,1
usnews.com,1
aqfl.net,1
postbiota.org,1
kiwisyslog.com,1
haxx.se,1
nochex.com,1
sonnetuk.net,1
wizardopoly.co.uk,1
jewellerybybarrie.co.uk,1
isis-publishing.co.uk,1
tracklements.co.uk,1
nadwcon.org,1
wadfest.co.uk,1
ativel.com,1
leitl.org,1
alsopdrama.co.uk,1
tagmindr.com,1
reflectionask.com,1
battlebots.com,1
michaelnygard.com,1
palladion.com,1
michaelmoore.com,1
nu.nl,1
reddevnews.com,1
redmondmag.com,1
uni-tuebingen.de,1
ua.ac.be,1
expatica.com,1
luaforge.net,1
siefkes.net,1
sympa.org,1
greatplateworks.com,1
itunes.com,1
slapoute.com,1
kentontheatre.co.uk,1
henleyplayers.com,1
brokendrummers.co.uk,1
astral.org.au,1
adelaidefringe.com.au,1
ofsstudio.org.uk,1
thudgame.com,1
whacked.net,1
holdenweb.com,1
pioneerlocal.com,1
truelionheart.com,1
craigslist.org,1
vtheatre.net,1
ericklein.com,1
the-shades.net,1
narrativefallacy.com,1
complife.org,1
tuxfamily.org,1
itrc.net,1
ebb.org,1
geekcode.com,1
cybernetnews.com,1
EmailDirect.com,1
lut.fi,1
ebay.com,1
groovygreen.com,1
grcblog.com,1
nationalgeographic.com,1
garchiver.com,1
codinghorror.com,1
nanaimo.ca,1
dwcon.org,1
royalidea.com,1
webworkerdaily.com,1
amazonaws.com,1
planetary.org,1
ridingwithrobots.org,1
eol.org,1
geekmadness.net,1
emc.com,1
SourceForge.Net,1
legacyglad.com,1
ai-wuerzburg.de,1
dtheatre.com,1
palatine.ac.uk,1
conrad.de,1
aickelin.com,1
cec2005.org,1
modtown.co.uk,1
iba-worldwide.com,1
lartc.org,1
cleversettracker.com,1
vt.edu,1
frepigoless.com,1
dcc-servers.net,1
workaround.org,1
berlios.de,1
spreadcourage.com,1
glandoresystems.com,1
hushtools.com,1
abriggs.com,1
vodpod.com,1
visualcv.com,1
eccouncil.org,1
xe.com,1
u-szeged.hu,1
mitre.org,1
100allora.it,1
opencontent.org,1
google.fi,1
brhere.com.cn,1
asap.ac.uk,1
weibull.com,1
williams.edu,1
messagelabs.com,1
walllaid.com,1
dnswl.org,1
linux-gamers.net,1
skinnycorp.com,1
3.am,1
mujeresnoticia.com,1
flexistuff.com,1
comemachines.com,1
qcmcorp.com,1
fs-driver.org,1
frogmouth.net,1
portugalgolf.de,1
ircset.ie,1
silicon.com,1
next-gen.biz,1
thefarmonline.com,1
nsa.gov,1
alphapixel.com,1
obrienjd.com,1
ioc.ee,1
yahoo.fr,1
nec2.org,1
ict.nl,1
wtfda.org,1
quantiki.org,1
wmo.ch,1
jaith.net,1
nevcal.com,1
klausdensow-fanpage.com,1
ehsco.com,1
ig-swiss-binnenschiffe.ch,1
eoscws.com,1
nazwa.pl,1
globalnethost.com.br,1
cochinotas.com,1
funpic.de,1
enterprise-ireland.ru,1
tylers.info,1
fedorahosted.org,1
byte-code.com,1
iquaid.org,1
questionsplease.org,1
coolamaze.com,1
wabwosoft.com,1
clintbakerjazz.com,1
smhi.se,1
boredomandlaziness.org,1
tldp.org,1
esellerate.net,1
shootinmorocco.com,1
ingenieropalmieri.com.ar,1
comercioibipora.com.br,1
eznec.com,1
knacta.com,1
neiu.edu,1
playboy.co.uk,1
nnsquad.org,1
tuxisalive.com,1
go.com,1
oxid.it,1
slimjim100.com,1
tampabay.com,1
developmag.com,1
katiecavera.net,1
globalpandora.com,1
clihc2005.org,1
sarnoffsymposium.org,1
ups.com,1
wifinetnews.com,1
netbeans.org,1
project-management-blog.com,1
fordhamprep.org,1
kluge.net,1
priority5.com,1
niemeyer.net,1
quickfix.co.nz,1
marxcomputers.ie,1
vaccineamc.org,1
theglobalfund.org,1
dfid.gov.uk,1
overmeer.net,1
Overmeer.net,1
brussels-congress.be,1
kvab.be,1
tymeds.com,1
pprune.org,1
dukehealth.org,1
yomiuri.co.jp,1
modemac.com,1
aamas-conference.org,1
fun.ac.jp,1
yahoo.ca,1
who.int,1
oecd.org,1
ftaa-alca.org,1
wto.org,1
gpo.gov,1
business.gov,1
sbtv.com,1
telecommunity.com,1
webex.com,1
savetheinternet.com,1
labix.org,1
moxiecode.com,1
iungo.org,1
uah.edu,1
technewsworld.com,1
thetartan.org,1
cra.org,1
rittau.org,1
python-hosting.com,1
linuxmafia.com,1
ollisalonen.com,1
mingw.org,1
homebusinessconnectionoffers.com,1
pcwb.ie,1
daniel-lemire.com,1
askoxford.com,1
damagestudios.net,1
mcnabbs.org,1
findmespot.com,1
blackfriarsinc.com,1
porttarragona.es,1
mdai.info,1
mt-rushphase.org,1
cthedot.de,1
colliberty.com,1
spreadreciprocity.com,1
osha.gov,1
coolofplay.net,1
coozi.com.au,1
usr-emea.com,1
googlesyndicatedsearch.com,1
deseretnews.com,1
utah.gov,1
telecoms.com,1
moma.org,1
virtualreview.org,1
netnanny.com,1
missingkids.com,1
orcon.net.nz,1
myway.com,1
infotechsolucoes.net,1
gutocarvalho.net,1
albany.edu,1
albanyvillagesquare.co.nz,1
galway.net,1
tcd.ie,1
sawspring.com,1
track-a-bracket.com,1
reservoirhill.org,1
plosjournals.org,1
hypnosisandsuggestion.org,1
googlingyourself.com,1
praxagora.com,1
brlcad.org,1
pirate-party.us,1
app.com.pk,1
eifelle.com,1
neu.edu,1
paskin.org,1
prospect-magazine.co.uk,1
ritlabs.com,1
tmcnet.com,1
consumer.es,1
aclibre.org,1
hotelinternational.cz,1
brno.cz,1
bgl.nu,1
zooko.com,1
wkap.nl,1
modwsgi.org,1
intercontinental.com,1
pitrou.net,1
marshal.com,1
manning.com,1
thatitguy.com,1
distributed.net,1
linux-ata.org,1
pachawossweet.com,1
stirpfromilitary.com,1
mineintuition.com,1
lavasoftusa.com,1
kaspersky.com,1
agnitum.com,1
nisis.de,1
jhsph.edu,1
nnepi.org,1
ashp.org,1
beniculturali.it,1
linux.org.au,1
lmcs-online.org,1
wcci2006.org,1
1ec5.org,1
fortia.org,1
fmeurope.org,1
mcmaster.ca,1
strapquick.com,1
phaseit.net,1
purl.org,1
pyzine.com,1
syndic8.com,1
g-blog.net,1
faqts.com,1
cetus-links.org,1
pythonology.com,1
vex.net,1
red-bean.com,1
thyrsus.com,1
dwheeler.com,1
emse.fr,1
gempace.com,1
fit.edu,1
lostmind.de,1
pp.ru,1
spammertrap.com,1
fileburst.com,1
misspuke.net,1
6x.to,1
thesneeze.com,1
iphonemod.com,1
swearalot.com,1
eyegas.com,1
bunjax.cn,1
osgk.ac.at,1
unimib.it,1
isc.org,1
mtld.mobi,1
thespark.com,1
manngo.net,1
roledbintel.net,1
ual.es,1
citris-uc.org,1
unive.it,1
gowindowslive.com,1
hokkertjes.nl,1
develer.com,1
unipd.it,1
maruhn.com,1
freerice.com,1
shygypsy.com,1
pythonpapers.org,1
kdd2005.com,1
FidelityNY.com,1
wxwindows.org,1
stateofthenewsmedia.org,1
ideonexus.com,1
saini.co.in,1
bis-spaceflight.com,1
thespacereview.com,1
gatedequidnos.com,1
rerandyersyum.com,1
sigmasmelloka.com,1
www2006.org,1
wordsbyhaught.com,1
pnl.gov,1
acl2006.org,1
sigdial.org,1
splangy.com,1
jhaicoffee.com,1
thanksgivingcoffee.com,1
hoax-slayer.com,1
xn--8ws00zhy3a.com,1
iop.org,1
auckland.ac.nz,1
sunny.org,1
inmidels.com,1
techp.org,1
mutube.com,1
cert.fi,1
oulu.fi,1
c-esystems.com,1
novickforsenate.org,1
chrisblanc.org,1
tivo.com,1
engadgethd.com,1
scienceblogs.com,1
iitk.ac.in,1
uq.edu.au,1
mbs.edu,1
unimelb.edu.au,1
csiro.au,1
pcstats.com,1
burns-stat.com,1
cstw.org,1
downes.ca,1
educause.edu,1
weightlosssurgeon.com,1
hunch.net,1
emeraldinsight.com,1
chi2006.org,1
independent-bangladesh.com,1
washingtonindependent.com,1
16software.com,1
codebetter.com,1
dntelmusic.com,1
recovermyfiles.com,1
toolness.com,1
dspnet.fr,1
foo-magazin.de,1
xing.com,1
uvmjobs.com,1
sauria.com,1
datawrangling.com,1
opag.ca,1
ning.com,1
units.it,1
univ-savoie.fr,1
cleverset.com,1
lastminutelignano.it,1
lebendigerfisch.de,1
everything2.com,1
ml.com,1
bedgreat.com,1
univention.de,1
prosofteng.com,1
recruitmax.com,1
ares-conf.org,1
microsoft.om,1
animationmagazine.net,1
quicktrivia.com,1
columbusdispatch.com,1
robweir.com,1
fcc.gov,1
bostondynamics.com,1
stofcar.com,1
gala-icn.com,1
titcha.com,1
tecland.cl,1
massendin.com,1
com1.ru,1
smiliesets.com,1
semarsud.com,1
narkosepraxis-riss.de,1
zope.org,1
runlyr.cn,1
xoxolo.com,1
siliconuser.com,1
botniamusik.se,1
umu.se,1
smithsonianjourneys.org,1
iabsobesitysurgery.com,1
cookingcache.com,1
genaw.com,1
ptyza.com,1
alastra.com,1
lowcarbcafe.com,1
photopics.com,1
atkinsdiethelp.com,1
locarbliving.com,1
egroups.com,1
angelfire.com,1
e-clipse.com,1
lowcarb.org,1
mccarthy.vg,1
fachverband-fliesen.de,1
gruppomazzilli.it,1
sdexpo.com,1
scsy.de,1
tuaw.com,1
mired.org,1
slysoft.com,1
rice.edu,1
mytrip.com,1
mu.oz.au,1
climate-l.org,1
nbcactionnews.com,1
centos.org,1
aaronsw.com,1
perlbuzz.com,1
pupeno.com,1
mistatok.com,1
herald-mail.com,1
uni-bremen.de,1
port.ac.uk,1
applied-ontology.org,1
jubjubs.net,1
isitchristmas.com,1
newsfromrussia.com,1
irchelp.org,1
os2bbs.com,1
newteevee.com,1
change-congress.org,1
usitc.gov,1
camacdonald.com,1
glutenfree.com,1
gflinks.com,1
trekmovie.com,1
uregina.ca,1
titech.ac.jp,1
newwaynet.co.kr,1
goldenbares.com,1
openbsd.org,1
diableonline.biz,1
mediatracker.co.nz,1
linuxant.com,1
hotsupoftae.com,1
flapprice.com,1
falldear.com,1
placefall.com,1
wearplaces.com,1
pickreal.com,1
wearrain.com,1
arizona.edu,1
polimi.it,1
onto-med.de,1
wolpertlab.com,1
colonybear.com,1
laidlaid.com,1
fitnathemovie.com,1
commsday.com,1
emergentchaos.com,1
basildoncoder.com,1
thepredictionsmarket.com,1
85qm.de,1
pandasoftware.com,1
city.edogawa.tokyo.jp,1
iobabooks.com,1
abebooks.com,1
vriolencetg.net,1
pjcj.net,1
stock-car-racing.net,1
shanghaiist.com,1
redtube.com,1
blueyonder.co.uk,1
urod.ru,1
rattlesnakebite.org,1
pocketmod.com,1
c71123.com,1
shaveeverywhere.com,1
virishi.net,1
idealog.us,1
lithoguru.com,1
freespeechart.com,1
fotograf-basel.ch,1
bauer-nudes.com,1
daniel-bauer.com,1
twinklephone.com,1
colorhot.com,1
pdx.edu,1
its2006.org,1
netgear.com,1
dlink.com,1
skitch.com,1
riponrowelplayers.org.uk,1
highdear.com,1
ekklesia.co.uk,1
oclc.org,1
nctu.edu.tw,1
ross.ws,1
thisishddvd.com,1
hanninen.eu,1
pelican.com.br,1
afterdawn.com,1
derecho-internet.org,1
webpronews.com,1
ecrans.fr,1
orf.at,1
governo.it,1
alcei.it,1
alcei.org,1
opennet.net,1
djangoproject.com,1
askwiki.com,1
amherst.edu,1
3com.com,1
shu.ac.uk,1
canonical.com,1
nottingham.ac.uk,1
okiss-bar.fr,1
lupinlapin.com,1
regnow.com,1
uhh.pl,1
mschuette.name,1
dissociatedpress.net,1
101com.com,1
riives.ee,1
iospress.nl,1
ida2005.org,1
retrooffice.com,1
ema.fr,1
liberation.fr,1
lemonde.fr,1
touchepasamonadn.com,1
elpais.com,1
nathanlongmusic.com,1
hardocp.com,1
microsoft-crm.info,1
joshreads.com,1
hrapikone.com,1
namazu.org,1
force9.co.uk,1
cl-netz.de,1
bigbrotherawards.ch,1
vorratsdatenspeicherung.de,1
citizenlab.org,1
digitalrights.ie,1
polito.it,1
communia-project.eu,1
sgdg.org,1
mastasia.com,1
painttake.com,1
msjogren.net,1
upc.es,1
buferli.com,1
rodrickbrown.com,1
profitizers.info,1
firez.org,1
evidencescience.org,1
nakseh.cn,1
uga.edu,1
findnamessave.com,1
plix.at,1
chron.com,1
mybroadband.co.za,1
tectonic.co.za,1
earthsky.org,1
terrypratchett.co.uk,1
visimag.com,1
sfx.co.uk,1
univ-lille3.fr,1
taskcoach.org,1
openhex.org,1
litigationrisk.com,1
aircrack-ng.org,1
openssl.org,1
zeroweb.org,1
msnmobilefix.com,1
ntu.edu.sg,1
toronto.edu,1
isms.com.pk,1
chapuli.es,1
trygunist.net,1
tomwells.org,1
novareal.hu,1
gotomeeting.com,1
csic.es,1
urood.com,1
tartarus.org,1
goplateworks.com,1
wvany.com.cn,1
shef.ac.uk,1
gopetition.com,1
kats.org.uk,1
thechameleons.co.uk,1
tabsproductions.co.uk,1
elffantasy.eu,1
boxofficeaberdeen.com,1
pjsmprints.co.uk,1
graylion.net,1
go2.ie,1
wwwdit.ie,1
niggytardust.com,1
gaubodengalerie.de,1
manyenemies-muchhonor.info,1
WartHogBulletin.de,1
nanotech-now.com,1
poncacityweloveyou.com,1
css3.info,1
mathoda.com,1
sonic.net,1
pressdemocrat.com,1
anesthesiology.org,1
durusau.net,1
regdeveloper.co.uk,1
ajmc.com,1
lmbprofessional.com,1
tek-tips.com,1
ati.com,1
motivationflat.com,1
smithmicro.com,1
halles-de-nimes.fr,1
strapfast.com,1
grisoft.com,1
freeloader.com,1
photoshop.com,1
labnol.org,1
southparkstudios.com,1
philly.com,1
secunia.com,1
webfeatsdesign.com,1
beckermanlegal.com,1
sutor.com,1
corrupt.org,1
lambda-the-ultimate.org,1
cr3ation.co.uk,1
iloveheroin.com,1
photobucket.com,1
mrdoob.com,1
glamguns.com,1
evilmadscientist.com,1
snipr.com,1
jimoldman.com,1
weebls-stuff.com,1
cbcunlocked.com,1
uwa.edu.au,1
merlinux.de,1
linuxdevcenter.com,1
bandquick.com,1
had.co.nz,1
gartnerinfo.com,1
dlib.org,1
monitron.org,1
sejo.be,1
wolfram.com,1
aimsaconference.org,1
google.co.in,1
flightglobal.com,1
moskalyuk.com,1
thisamericanlife.org,1
escapistmagazine.com,1
positech.co.uk,1
tummy.com,1
eqoeynulxd.cn,1
dauircefmt.cn,1
ythivximfj.cn,1
webware.com,1
computingatscale.com,1
gigaom.com,1
musielak.eu,1
lawoftime.org,1
quinthar.com,1
mirvop.cn,1
edmitgayjs.cn,1
analog.com,1
cmcrossroads.com,1
uncu.edu.ar,1
onlamp.com,1
ONLamp.com,1
reacttheatre.org,1
furman.edu,1
encyclopedia.com,1
getaccess.wa.gov.au,1
nzpost.co.nz,1
supanet.com,1
actorsgreenroom.net,1
sandcastle-online.com,1
actorsalliance.com,1
canoe.ca,1
actorstheateroflouisville.org,1
actorstheatreofsc.org,1
red-torch.ru,1
aubg.bg,1
uni-sb.de,1
inist.fr,1
toptechnews.com,1
zdziarski.com,1
wikinews.org,1
creative.com,1
crunchgear.com,1
transitionchoices.com,1
desire2learn.com,1
mfeldstein.com,1
punetech.com,1
nature.com,1
ieeesmc.org,1
uff.br,1
open-std.org,1
blog-city.com,1
iojubbohbg.cn,1
oicajfuptx.cn,1
rfidjournal.com,1
canadaeast.com,1
forbes.com,1
lsu.edu,1
jpost.com,1
computerworld.co.nz,1
ramas.com,1
rangaku.org,1
nara-wu.ac.jp,1
ai-gakkai.or.jp,1
inoue-zaidan.or.jp,1
jsgentirkj.cn,1
nearpretty.com,1
ectoplasm.org,1
uni-kassel.de,1
gesmer.com,1
kylemulka.com,1
radian.org,1
treas.gov,1
soviniero.com,1
tokueeaslu.cn,1
businessbutler.us,1
fjioezupwy.cn,1
asweibeiuf.cn,1
fizefuejml.cn,1
debianhelp.co.uk,1
i4u.com,1
oomoopocop.cn,1
pkkeqtayeg.cn,1
fcaohgohwd.cn,1
kyushu-u.ac.jp,1
pegasusnews.com,1
mviopjoyzr.cn,1
ccvuhqukbx.cn,1
delicious-monster.com,1
singinst.org,1
avsforum.com,1
bibekpaudel.com.np,1
psychologicalscience.org,1
telegeography.com,1
invest.is,1
writersweekly.com,1
opensocial.org,1
ypdorseujy.cn,1
gzhifgasol.cn,1
oss-watch.ac.uk,1
punchbaby.com,1
zohrob.com,1
hghupxesmh.cn,1
mailclap.com,1
viuefuaher.cn,1
continuemine.com,1
heartinternet.co.uk,1
orleston.com,1
spamgatetech.com,1
secure-mail.fr,1
seaq.com.co,1
atmail.com,1
secpoint.com,1
ertamxijyo.cn,1
icchp.org,1
dexa.org,1
birdconf.org,1
google.com.au,1
scotsman.com,1
sashyes.com,1
diveintomark.org,1
urv.es,1
jupitermedia.com,1
jupiterweb.com,1
effbot.org,1
ucalgary.ca,1
pygoo.com,1
firebirdsql.org,1
hyperic.com,1
sourceforge.com,1
process.com,1
rozmic.com,1
ozonosecurity.com,1
semanticweb.org,1
sunbeltsoftware.com,1
jsums.edu,1
fantomas.sk,1
gemmain.com,1
usp.br,1
bayesia.com,1
bramentos.com,1
fordham.edu,1
boemie.org,1
traveltek.net,1
socialtext.com,1
koha.org,1
pyramid.de,1
coreworks.de,1
ben-hur.de,1
proxmox.com,1
jpwalter.com,1
algonquincollege.com,1
tnr.com,1
letemps.ch,1
cern.ch,1
freecode.no,1
openmalaysiablog.com,1
esc-grenoble.fr,1
patentstorm.us,1
xdvifxevjs.cn,1
dailymotion.com,1
catch22.net,1
xdluhjovzk.cn,1
speaker.gov,1
afscme.org,1
sunbeltblog.com,1
qbuiurojxu.cn,1
technologyreviewresearchpanel.com,1
dma.org.uk,1
av-sales.co.uk,1
whposjupue.cn,1
cfgoxfoxqd.cn,1
abrenna.com,1
wireshark.org,1
time-blog.com,1
levgrossman.com,1
freenetproject.org,1
peculiarplace.com,1
haaretz.com,1
lifehacker.com,1
klika.eu,1
getmotivation.com,1
aimedicine.eu,1
blimptv.net,1
jmlr.org,1
psg.com,1
heroeshappenhere.com,1
dnsreport.com,1
wi-lab.com,1
dtke.ac.cn,1
acadiau.ca,1
deakin.edu.au,1
shimane-u.ac.jp,1
kansai-u.ac.jp,1
hku.hk,1
univ-lyon2.fr,1
limerickblogger.org,1
giganews.com,1
digikam.org,1
playthisthing.com,1
redistrictinggame.org,1
campaigngame.us,1
snaplogic.org,1
overclockers.com,1
smithsonianassociates.org,1
ijcai-07.org,1
pigozzi.org,1
mine.nu,1
jhu.edu,1
bztunxinth.cn,1
ana.pt,1
decis.nl,1
qub.ac.uk,1
nolisting.org,1
rht.com,1
ucdavis.edu,1
shiftboard.com,1
bepress.com,1
searchlightrecruiters.com,1
fmlx.com,1
financemedia.com,1
ireland.com,1
ahmediax.com.cn,1
beeb.net,1
saccade.com,1
theopenlearningcentre.com,1
ronmcmahon.com,1
osu.edu,1
epls.gov,1
federalnewsradio.com,1
oeaw.ac.at,1
wddevsezny.cn,1
molindero.net,1
riolencetg.net,1
GGRTE.HK,1
kblibyaazy.cn,1
bfkojroxxr.cn,1
okpihzodld.cn,1
ogeokdunve.cn,1
thelittleappfactory.com,1
ntua.gr,1
demiqaq.cn,1
myemma.com,1
hexview.com,1
cryptome.org,1
iit.edu,1
ajaxworld.com,1
pythong.org,1
psema4.com,1
sdw.st,1
hpti.com,1
tx.co.nz,1
yuceldenetim.com,1
timeamaze.com,1
teterboro-online.com,1
fineplayfine.net,1
brangerdus.net,1
camara.ie,1
likeamaze.com,1
straplike.com,1
bigsnapsearch.com,1
flaglaid.com,1
uimeds.com,1
cuhk.edu.hk,1
cqu.edu.cn,1
bandlike.com,1
t-systems.com,1
damog.net,1
nuevearepas.com,1
socallinuxexpo.com,1
ztrokieuoz.cn,1
swinburne.edu.au,1
ifinanloans.com,1
grand-vefour.com,1
eset.com,1
martin-wishart.co.uk,1
fatduck.co.uk,1
man.ac.uk,1
paullee.com,1
vegasgamingline.net,1
codemountain.net,1
techfornovices.com,1
veeven.com,1
ieee-ssci.org,1
ijcnn2007.org,1
faqs.org,1
mexicandrugstor.com,1
superdrugsworld.com,1
cython.org,1
definitionpretty.com,1
surgicallyslim.com,1
owkaceecng.cn,1
describeclock.com,1
openpolitics.com,1
temple.edu,1
openstreetmap.org,1
broenink-art.nl,1
city.kitakyushu.jp,1
mwhglobal.com,1
blogger.com,1
computer-vision.org,1
kuleuven.be,1
url.ie,1
bottou.com,1
moblin.org,1
hobbyistsoftware.com,1
pandasecurity.com,1
trapster.com,1
windowssecrets.com,1
aria.com.au,1
tourismvancouver.com,1
maics.us,1
depaul.edu,1
lizard-tail.com,1
spaceflightnow.com,1
milw0rm.com,1
urltea.com,1
jonudell.net,1
fks.be,1
clamxav.com,1
mu3i.org,1
dvice.com,1
seekingalpha.com,1
thebetaguy.com,1
sffmedia.com,1
fbi.gov,1
linux-magazin.de,1
apachecon.com,1
quands.cat,1
f8d.org,1
dailypennsylvanian.com,1
torproject.org,1
joomla.org,1
trolltech.com,1
betanews.com,1
getplateworks.com,1
2j1f.com,1
sawgather.com,1
feedvalidator.org,1
rutherfurd.net,1
mycoolclips.com,1
ex.ac.uk,1
ispras.ru,1
expat-online.com,1
iteam.com,1
common-lisp.net,1
ida2007.org,1
chumby.com,1
medgadget.com,1
oembed.com,1
programming.nu,1
toute.ca,1
bknr.net,1
newlisp.org,1
windowslive.co.uk,1
software-lab.de,1
oliotalo.fi,1
efluxmedia.com,1
virtual-bubblewrap.com,1
verifiedvoting.org,1
timesunion.com,1
swamppolitics.com,1
talkleft.com,1
theblemish.com,1
acnielsenonline.com,1
unifi.it,1
brixnet.com,1
swissjobserver.ch,1
democraticmedia.org,1
ftc.gov,1
salk.edu,1
pastebin.com,1
sendmail.org,1
pyohio.org,1
saveourvotes.org,1
capitolvalley.net,1
verizon.com,1
computerworld.com.my,1
coh.com,1
iknearte.com,1
motherfor.com,1
anthonydeane.com,1
21361.com,1
matthewjamestaylor.com,1
sleevage.com,1
windriver.com,1
starpowersaver.com,1
flairs.com,1
ClamAV.net,1
plus.com,1
workshop.hm,1
katie-melua.dk,1
virginia.edu,1
pygta.org,1
lua.pl,1
kit-capital.com,1
reddit.com,1
p-u-ch.de,1
dawidan.de,1
annodex.net,1
dougfinke.com,1
neoproject.biz,1
freedomblogging.com,1
collegeboard.com,1
linuxlefty.com,1
securityabsurdity.com,1
brain-stream.org,1
sjolin.eu,1
johnbraine.com,1
pillpace.com,1
likeband.com,1
emaillabs.com,1
telecharge.com,1
livingxl.com,1
splunk.com,1
eastkingdom.org,1
bostonredcross.org,1
ianetsec.com,1
wkdelong.org,1
schoolhousehotel.com,1
opensourcegroup.it,1
uni-essen.de,1
globesports.com,1
fedmarket.com,1
insecure.org,1
regex.info,1
codezoo.com,1
doapspace.org,1
tiefbunker.com,1
rent-a-list.com,1
imttrack.com,1
upi.com,1
donau-uni.ac.at,1
rastattersc.de,1
chinmich.com,1
st-andrews.ac.uk,1
suse.cz,1
belkemail.com,1
smc2007.org,1
lloydstsb.co.uk,1
qtemp.net,1
easystoreoem.com,1
kde-apps.org,1
howtoforge.com,1
uvt.nl,1
metapress.com,1
metropolehotel.com,1
roydespagne.be,1
tark.be,1
kunxi.org,1
sagark.info,1
dabeaz.com,1
opentravel.org,1
globeauto.com,1
fiftyday.com,1
thisisthewestcountry.co.uk,1
laurenpressley.com,1
unipi.it,1
eranacalop.net,1
fiftyscore.com,1
fiftywin.com,1
lancs.ac.uk,1
neural-forecasting-competition.com,1
mongueurs.net,1
rnu.tn,1
onelouder.org,1
isnomore.net,1
suseforums.net,1
unicamp.br,1
bytes.com,1
convertmy.tv,1
dtv2009.gov,1
talkiphone.com,1
indystar.com,1
purdue.edu,1
xiotech.com,1
byteandswitch.com,1
esj.com,1
mercurynews.com,1
digitimes.com,1
ag-ip-news.com,1
smivsonline.co.uk,1
cbpweb.nl,1
richarddawkins.net,1
nmt.edu,1
relurl.com,1
dryadsnedsjaw.com,1
willjump.com,1
pillmust.com,1
zoomhigh.com,1
navesbaconzek.com,1
aamas2007.org,1
endeworks.jp,1
zoomwill.com,1
fetessteersit.com,1
jumpwill.com,1
asterduskyhah.com,1
jeailkic.com,1
nievetubaelay.com,1
fundspampasau.com,1
netrisk.hu,1
maxmedia-usa.com,1
foldscore.com,1
klikkbank.hu,1
waitscore.com,1
flicklives.com,1
nist.gov,1
uu.se,1
chase.com,1
wwwfestivalvancouver.ca,1
html2xml.nl,1
ewyoxfiezd.cn,1
cav2007.org,1
msu.edu,1
yale.edu,1
bbk.ac.uk,1
www2007.org,1
willpaid.com,1
dreamhost.com,1
devlib.org,1
principledprofit.com,1
currybet.net,1
curtin.edu.au,1
tonynatsoulas.com,1
stevecarter.com,1
werazlaurn.cn,1
etomite.com,1
lnmiqwemla.cn,1
uniqsys.com,1
eggheads.org,1
energymech.net,1
rishida.net,1
alice.it,1
liveleak.com,1
bitshop.com,1
virtualserverfaq.com,1
aspdeveloper.net,1
weforum.org,1
electronista.com,1
darkdarkdark.com,1
flickr.net,1
pixar.com,1
kxmc.com,1
dyndns.org,1
freshwaters.org.uk,1
utvinternet.ie,1
feelscore.com,1
waitdeal.com,1
believecold.com,1
feelwait.com,1
dislin.de,1
amandeep.org,1
gunnar.cc,1
daveswebsite.com,1
respectsupport.com,1
fiftywait.com,1
brunningonline.net,1
orangebookblog.com,1
emoipsokon.cn,1
signal2noise.co.uk,1
rogger.it,1
bdafrica.com,1
pahwosoft.com,1
zdsovmepkg.cn,1
rfc-ignorant.org,1
marinestore.co.uk,1
funambol.com,1
egroupware.org,1
jedoigianj.cn,1
openair.com,1
betforgood.com,1
ticketmaster.com,1
sixapart.com,1
over-log.it,1
zxpuwbevuo.cn,1
indigo.ie,1
michaellaszlo.com,1
webmd.com,1
docinthemachine.com,1
davidgerard.co.uk,1
pioneerwomanmodels.com,1
sparkfun.com,1
pacoahlgren.com,1
uni-osnabrueck.de,1
active.com,1
solutti.com.br,1
policyd.org,1
nationarm.com,1
co23.com,1
bic-ta.org,1
cyberwalk-project.org,1
lawyers.com,1
spamsuite.com,1
sosdg.org,1
techcrunch.com,1
space-travel.com,1
cleanacreek.org,1
cp2007.org,1
dotat.at,1
gcrx.org,1
hopeline.com,1
bmj.com,1
suicidepreventionlifeline.org,1
partidocolorado.org,1
partidocoloradoantrodeladrones.org,1
tinymailto.com,1
beyond.ca,1
ispreview.co.uk,1
ofcom.org.uk,1
kylehasegawa.com,1
hbo.com,1
hub.org,1
pc.gc.ca,1
mithral.com,1
shoemay.com,1
bkuiaiexcs.cn,1
ffoidrowrk.cn,1
pbs.org,1
110mb.com,1
wgrasoipla.cn,1
picture.com,1
rocksolidinc.biz,1
wik.org,1
e-society.org.mk,1
petsfinebalance.com,1
rfid-outlook.pt,1
odfworkshop.org,1
praguepost.com,1
privacyinternational.org,1
appliedbiosystems.com,1
sciencedebate2008.com,1
feelfold.com,1
carlit-immobilier.com,1
drhinternet.net,1
spamchek.com,1
pctools.com,1
GadBall.com,1
theagencyblog.com,1
remsset.com,1
fgjurnaxzs.cn,1
coqui.net,1
ticklers.org,1
archnew.com,1
daytall.com,1
artesaniaamericana.com,1
greenend.org.uk,1
webfast.com,1
metafilter.com,1
pacedeal.com,1
lisp.org,1
ic-ic.org,1
friepolly.com,1
showsyllable.com,1
mailscanner.info,1
lenta.ru,1
intelligentgamer.com,1
symmetrymagazine.org,1
ipsj.or.jp,1
adjb.net,1
demonoid.com,1
brucefwebster.com,1
ecfiber.net,1
softstoresoftware.com,1
verisign.com,1
daikaiju.org.uk,1
rfielvofbj.cn,1
vrhesrasiu.cn,1
sanesecurity.co.uk,1
oeuumcibbj.cn,1
uzh.ch,1
rateyaec.com,1
rzqiyaeudn.cn,1
yuholyayfw.cn,1
uni-marburg.de,1
animallogic.com,1
pantz.org,1
autoreverse.nl,1
herts.ac.uk,1
murbreak.at,1
phpwiki.org,1
usaredirect.com,1
waysidegardens01.com,1
udel.edu,1
kagesenshi.org,1
0bits.com,1
holtmann.org,1
openprotect.com,1
mfdz.com,1
appdrop.com,1
dreamnotoftoday.com,1
skewz.com,1
merit.edu,1
gamehostingguide.com,1
gtk.org,1
whitehouse.gov,1
ustr.gov,1
keionline.org,1
icann2007.org,1
fernuni-hagen.de,1
example.org,1
goofile.net,1
marc.info,1
ncor.us,1
ogi.edu,1
conwiz.dk,1
finllfixit.co.uk,1
mfieldart.com,1
spoofedpacket.net,1
mur.at,1
helsinki.at,1
imagine-msn.com,1
northland.ac.nz,1
astoriaseminar.com,1
casinojackpotsdirect.com,1
grenoble-em.com,1
casinojackpotseasy.com,1
kuleuven.ac.be,1
investors.com,1
thomasnet.com,1
ascribe.org,1
cognosys.net,1
bestsavemake.com,1
xyz.com,1
mrball.net,1
seasoft.com,1
financialexpress.com,1
acteva.com,1
mozdev.org,1
aedon.eu,1
hochzeitsbuch.info,1
soloasp.com.ar,1
may.ie,1
abisource.com,1
addictinggames.com,1
honan.net,1
ytmnd.com,1
dahsing.com.hk,1
unsatisfactorysoftware.co.uk,1
afhakers.nl,1
lolinator.com,1
fedora-tutorials.com,1
randomink.org,1
iso.org,1
mp3newswire.net,1
designnews.com,1
gizmag.com,1
netflixprize.com,1
bme.hu,1
variety.com,1
ox2.eu,1
whencanistop.com,1
itworldcanada.com,1
linux.it,1
uni-hamburg.de,1
rectangular.com,1
vyatta.com,1
langenberg.com,1
scons.org,1
useit.com,1
kun.nl,1
meltsmaler.net,1
informz.com,1
wanwosoft.com,1
voidspace.org.uk,1
unisi.ch,1
openwrt.org,1
waitfold.com,1
orst.edu,1
motorola.com,1
ora.com,1
unife.it,1
ipk-gatersleben.de,1
ub.es,1
reviewk.com,1
fubra.com,1
bpiwowar.net,1
wkiri.com,1
gmu.edu,1
osafoundation.org,1
icu-project.org,1
enworld.org,1
pinktentacle.com,1
newsdaily.com,1
darwin-online.org.uk,1
kernelnewbies.org,1
lawa.org,1
oracle.com,1
jcole.us,1
confservizisardegna.com,1
jidanni.org,1
auth.gr,1
ucv.ro,1
kfupm.edu.sa,1
nitech.ac.jp,1
umanitoba.ca,1
ft.com,1
krqe.com,1
roughlydrafted.com,1
thepiratebay.org,1
mutantpalm.org,1
globalvoicesonline.org,1
abovethelaw.com,1
matasano.com,1
iss.net,1
cio.com.au,1
unfix.org,1
me-chitash.com,1
80plus.org,1
motherboards.org,1
unspam.com,1
finito.sk,1
amazequick.com,1
tudor.lu,1
boxhost.net,1
missioneternity.org,1
hackontest.org,1
stuermer.ch,1
betterphoto.com,1
iastate.edu,1
deri.at,1
intelligent.pe.kr,1
effactory.com,1
goldmark.org,1
koperdinos.com,1
email.si,1
dibona.com,1
supelec.fr,1
x86.org,1
groupsyahoo.com,1
agi-08.org,1
riseup.net,1
answers.com,1
orbicule.com,1
gadgettrak.com,1
absolute.com,1
lojackforlaptops.com,1
dilbert.com,1
sony.com,1
kvl.dk,1
trippin-sweet.com,1
chinapost.com.tw,1
plos.org,1
heybryan.org,1
yaelhertzog.com,1
feng-gui.com,1
garagegeeks.org,1
curzon.com,1
inamori-f.or.jp,1
ski.org,1
ultimatebootcd.com,1
linux-on-laptops.com,1
codehaus.org,1
li.org,1
chorny.net,1
binghamton.edu,1
bortzmeyer.org,1
.my,1
prettyurl.com,1
msn.co.uk,1
classificationweb.net,1
win-network.com,1
pencom.com,1
ul.pt,1
language-observatory.org,1
univ-st-etienne.fr,1
sapo.pt,1
chaskaherald.com,1
laidwall.com,1
univ-mrs.fr,1
wwcell.com.cn,1
monkeysvsrobots.com,1
expelledexposed.com,1
expelledthemovie.com,1
utsystem.edu,1
ntung.com,1
softstorageoem.com,1
clarkconnect.com,1
deri.ie,1
siegfried-handschuh.net,1
walkersbrittrips.co.uk,1
hitsz.edu.cn,1
posfix.org,1
dice.com,1
rinkworks.com,1
dfsee.com,1
indo.net.id,1
thehellosoftiegame.co.uk,1
cebit.de,1
yodlee.com,1
mytodaysms.com,1
links.org,1
cafemessenger.com,1
mint.com,1
cosatamm.com,1
upm.es,1
fatwallet.com,1
buthey.com.cn,1
digi.com.br,1
betadaily.com,1
secondlifeherald.com,1
friendfeed.com,1
lcsun-news.com,1
taketeach.com,1
OSBC.com,1
it360.ca,1
permabit.com,1
linspire.com,1
paragent.com,1
mildplay.com,1
ccsu.edu,1
uta.edu,1
jrc.it,1
britishairways.com,1
heathrowairport.com,1
ingenuityseat.com,1
FierceCIO.com,1
dido.ca,1
environment.govt.nz,1
centrify.com,1
pclaunches.com,1
hardwareanalysis.com,1
abovetopsecret.com,1
mtv.com,1
nj.com,1
lssto.org,1
seedmagazine.com,1
openwetware.org,1
andresin.com,1
ironpythoninaction.com,1
kaist.ac.kr,1
nobiltadeipari.com,1
nit.ca,1
ironmanmashup.co.uk,1
ollassabbet.com,1
itefix.no,1
bath.ac.uk,1
linuxtime.it,1
openwall.com,1
clairedodin.com,1
voices.com,1
panthera-systems.net,1
debian.net,1
webtent.net,1
wimlworkshop.org,1
netservicesgroup.com,1
beepsdudpoor.com,1
untilhasfrequent.com,1
reactivated.net,1
hostcube.com,1
dailybreeze.com,1
communitywiki.org,1
firstmonday.org,1
copyright.gov,1
foiks.org,1
electric-sailing.com,1
fmi.fi,1
darpa.mil,1
mesh.com,1
cmdrtaco.net,1
pasemi.com,1
monstersandcritics.com,1
wikibooks.org,1
uoa.gr,1
e-cazari.ro,1
riken.jp,1
sosbusters.com,1
votevets.org,1
uni-ulm.de,1
santronics.com,1
islandnet.com,1
SchenectadyJazzFestival.com,1
SwingtimeJazz.org,1
APlaceForJazz.org,1
scorewin.com,1
kforce.com,1
auv-i.com,1
retnull.com,1
languageweaver.com,1
vonage.com,1
gridapp.com,1
cidc.com,1
saturdayhouse.org,1
sgi.com,1
bnorbovea.com,1
thereasoner.org,1
js-kit.com,1
dealssavemake.com,1
zakar.com,1
mploy.com,1
tiobe.com,1
nrao.edu,1
thunk.org,1
peacecorpslibrary.org,1
linuxformat.co.uk,1
senol.com,1
gamecyte.com,1
teknatus.com,1
blockvatreb.com,1
haeckers-kurhotels.de,1
tuxpaint.org,1
gcompris.net,1
databasesecurity.com,1
selflogic.com,1
templetons.com,1
iis.net,1
dynamoo.com,1
andrewd18.com,1
cnews.ru,1
newkerala.com,1
quarterbuck.com,1
imdb.com,1
pnas.org,1
personaltelco.net,1
worldscibooks.com,1
onyxneon.com,1
kotaku.com,1
jcat.cc,1
windowsnetworking.com,1
wordpress.org,1
postfwd.org,1
asspsmtp.org,1
malediven-bilder.de,1
4homepages.de,1
backupcentral.com,1
iu.edu,1
cyber.com.au,1
kuvaajanne.fi,1
excelmartialarts.us,1
neohapsis.com,1
avenueq.com,1
igi-pub.com,1
k-state.edu,1
pirillo.com,1
tuxparty.com,1
storix.com,1
free-web-hosting.biz,1
maximumpc.com,1
ems-ph.org,1
calpirg.org,1
theassayer.org,1
opentextbook.org,1
textbookrevolution.org,1
freeloadpress.com,1
inktextbooks.com,1
flatworldknowledge.com,1
lightandmatter.com,1
robot-learning.de,1
austinenergy.com,1
arschkrebs.de,1
haveslislex.com,1
akarkent.com,1
loanfinanc.com,1
camepace.com,1
cmp.com,1
kielnet.de,1
boriglase.com,1
extracted.org,1
newscloud.com,1
herecomeseverybody.org,1
racetozero.net,1
worsethanfailure.com,1
linuxinsight.com,1
highearthorbit.com,1
opensearch.org,1
georss.org,1
netapp.com,1
1122mainstreet.com,1
w3counter.com,1
rule6.info,1
whit537.org,1
ipn.mx,1
netcore.co.in,1
911review.org,1
horde.org,1
blablabla.com,1
swjtu.edu.cn,1
mysql.com,1
imstat.org,1
easternangles.co.uk,1
getaccess.com.au,1
mandy.com,1
fiveprime.org,1
actorstheatreoflouisville.com,1
roddy.net,1
dutchgardens.com,1
seapol.com,1
weinen.org,1
linxnet.com,1
onetforum.com,1
junkemailfilter.com,1
webhop.org,1
airborne.com,1
thedailywtf.com,1
linpro.no,1
diffuse.it,1
mdh.se,1
impsec.org,1
donecan.com,1
scorefold.com,1
halmscapsic.com,1
leadingvirtually.com,1
backofthebook.ca,1
callferret.com,1
ppforum.ca,1
FLAIRS-21.info,1
gpstm.com,1
enotes.com,1
questia.com,1
empoweredactor.com,1
mbc.edu,1
iah.ac.uk,1
alanwood.net,1
mandymom.com,1
guruhandbook.com,1
hack3r.com,1
okean.com,1
depauw.edu,1
ucr.edu,1
mentornet.net,1
chi2008.org,1
ebizq.net,1
trademe.co.nz,1
aviationgeek.com,1
abilitynumeral.com,1
waseda.ac.jp,1
tsukuba.ac.jp,1
chalmers.se,1
kde-look.org,1
webservertalk.com,1
aclark.net,1
likeflag.com,1
platespin.com,1
synchronicity.ie,1
patchcom.ie,1
patrickoconnor.ie,1
trendy-hotels.nl,1
ovi.com,1
maxcast.com,1
myphotomax.com,1
dayscore.com,1
unipg.it,1
400epillz7k.cn,1
theta44.org,1
tech-recipes.com,1
wi-fiplanet.com,1
fashionjewelryforeveryone.com,1
lingerie-planet.com,1
postconf.com,1
rackspace.com,1
nga.net.au,1
artica.fr,1
mindtrove.info,1
tavultesoft.com,1
colorado.edu,1
jobsatcu.com,1
nero.com,1
long.name,1
ihmc.us,1
.mobile,1
cysticfibrosis.com,1
own-hero.net,1
.host,1
tumbleweed.net,1
osreviews.net,1
microsoft.co.il,1
insanelymac.com,1
getlistedlocally.com,1
citadel.org,1
backlash-uk.org.uk,1
listenforwhales.org,1
trusteer.com,1
sunlovegambling.com,1
finegray.com,1
casetrip.com,1
javeenbahtheatre.com,1
locusmag.com,1
zoomjump.com,1
cornywytedgip.com,1
pillwill.com,1
chimeequipoak.com,1
zoompaid.com,1
bobcatos.com,1
logcheck.org,1
logwatch.org,1
linuxsecurity.com,1
qhdctc.com,1
graywade.com,1
thecertifications.com,1
bedwade.com,1
grayhot.com,1
usc.es,1
deardone.com,1
sciencexpress.org,1
patentlystupid.com,1
dearplay.com,1
madebright.com,1
sheetregion.com,1
westnet.com,1
pikedtajessum.com,1
sitepoint.com,1
flairs-21.info,1
wadebed.com,1
writetothem.com,1
theyworkforyou.com,1
alzheimers.org.au,1
ymtuk.org,1
someecards.com,1
arifsaha.com,1
alinegladysip.com,1
pillhigh.com,1
salesforce.com,1
agorateatro.com.br,1
pulsedaddylux.com,1
fragland.be,1
biteschockdim.com,1
interopnews.com,1
tracymayor.com,1
drupal.org,1
netcraft.com,1
47-usc-230c2.org,1
jumppaid.com,1
ctc.edu,1
rhinotimes.com,1
mybetterending.com,1
calormen.com,1
realbasic.com,1
classhelper.org,1
darkhorse.com,1
powellsbooks.com,1
portlandtribune.com,1
thelocal.de,1
wolfcat.com.au,1
zoomleap.com,1
doorcurve.com,1
rny6c3e.com,1
mikefinley.co.uk,1
efikim.co.uk,1
cmail3.com,1
wieers.com,1
bodybybaltasar.com,1
donemade.com,1
thankinnhow.com,1
foldfeel.com,1
weekpace.com,1
5gigs.com,1
waitfour.com,1
stevengould.org,1
fallleap.com,1
leadfade.com,1
digitallook.com,1
popcornwebdesign.co.uk,1
xpand.com.au,1
ssrn.com,1
insideindianabusiness.com,1
millpat.com,1
makepat.com,1
rm.com,1
manager-pro.com,1
shaunmcdonald.me.uk,1
directsavemake.com,1
giannaros.org,1
standmake.com,1
valthorens.com,1
millhere.com,1
debianart.org,1
jamesrwilson.com,1
ethiopiaclinic.org,1
usb.ve,1
riverledgefarm.com,1
keepassx.org,1
necessaryknow.com,1
edgewall.org,1
riselead.com,1
SearchEnterpriseLinux.com,1
somethingpositive.net,1
pacewall.com,1
ti-edu.ch,1
intel-research.net,1
caserise.com,1
risemill.com,1
timeout.com,1
computerandvideogames.com,1
risepat.com,1
curveleap.com,1
patstand.com,1
risecase.com,1
SearchSOA.com,1
haysft.com,1
uhp-nancy.fr,1
grantsfire.org,1
grantsfire.com,1
c-base.org,1
ruisantos.com,1
newsvine.com,1
andrewmin.com,1
uni-kl.de,1
microchip.com,1
arm.com,1
pewglobal.org,1
duartes.org,1
slackware.org,1
shankar.com.np,1
carnet.hr,1
donemild.com,1
boostcon.com,1
dannyayers.com,1
surfacegenerosity.com,1
pythoncraft.com,1
scorewait.com,1
dfmeds.com,1
shinedear.com,1
madteckhead.com,1
cpsweek.org,1
rtas.org,1
microdimensionsdirect.com,1
aigicrvis.ca,1
rosuda.org,1
500epillz7k.com.cn,1
utah.edu,1
bitdefender.co,1
basetake.com,1
coasttocoasttickets.com,1
dearwhite.com,1
radicalbuy.com,1
politico.com,1
irbs.net,1
filekicker.com,1
cardquery.com,1
raiden.net,1
doorreal.com,1
tsdconference.org,1
curveenter.com,1
roaringpenguin.com,1
marketbasedcontrol.com,1
java-forums.org,1
dailymail.co.uk,1
baesystems.com,1
openmigration.net,1
uchicago.edu,1
f2s.com,1
andbonbsyouruncle.net,1
feelmain.com,1
flyworld.com,1
livescribe.com,1
43folders.com,1
hidefade.com,1
newegg.com,1
iki.fi,1
phpquebec.com,1
mysqlconf.com,1
minimsoyawl.com,1
dearcan.com,1
R-project.org,1
casinojackpotsdeals.com,1
dbds.com,1
epsilon.com,1
ecolabeling.org,1
capwiz.com,1
mimox.com,1
dclictoine.com,1
fadetake.com,1
tor-forge.com,1
macmillan.com,1
findtake.com,1
hidetill.com,1
flagfeel.com,1
swik.net,1
culte.org,1
yoxos.com,1
namedal.pl,1
suse.com,1
cikm2008.org,1
lirmm.fr,1
switch.ch,1
frontcurve.com,1
laidfeel.com,1
opensolaris.com,1
getthefacts.com,1
alivad.com,1
winehq.org,1
chillingeffects.org,1
corecodec.com,1
mundialfornituras.com.br,1
inesc-id.pt,1
leadcurve.com,1
arttoday.com,1
fundraw.com,1
SearchTechTarget.com,1
typo3server.info,1
thesoslab.com,1
emotions-key.com,1
eswc2008.org,1
ninemsn.com.au,1
dailycamera.com,1
wp.pl,1
fadereal.com,1
bestdrugsinternational.com,1
opcioneslc.com,1
dac.com,1
mediaplex.com,1
interop.com,1
datx.com,1
commpartners.com,1
demon.co.uk,1
gridtoday.com,1
itiworld.org,1
hpcnano.org,1
niit-tech.com,1
ieeetcsc.org,1
ntpu.edu.tw,1
isibm.org,1
und.edu,1
bio-miblab.org,1
tcs.com,1
webd.pl,1
ferienwerk.de,1
loudstoreoem.com,1
spiritualitybasic.com,1
atlas.sk,1
dbap.de,1
sa-update.com,1
icann2008.org,1
doorfade.com,1
tdbanknorth.com,1
dmin-2008.com,1
dmin-2007.com,1
iqsensato.org,1
dodin.org,1
01o.net,1
milddone.com,1
irish-tv.com,1
gonzoscientist.org,1
tu-darmstadt.de,1
tradepub.com,1
atug.com,1
gfkl.de,1
akamai.com,1
rossdawsonblog.com,1
slcpl.lib.ut.us,1
spl.org,1
dundee.ac.uk,1
customawardrings.com,1
lapelpins.com,1
resolutionbottom.com,1
brueggers.com,1
correctfine.com,1
